Date,Ticker,Open,High,Low,Close,Volume
2026-07-06,VCB,62.0,62.5,60.7,61.2,4173100
2026-07-07,VCB,61.2,61.5,60.9,61.3,2547200
2026-07-08,VCB,61.3,61.8,61.1,61.6,2051000
2026-07-09,VCB,61.3,61.5,61.0,61.1,2209800
2026-07-10,VCB,61.1,61.5,60.5,60.5,3016400
2026-07-13,VCB,60.5,60.5,58.8,58.9,6789000
2026-07-14,VCB,58.9,59.5,58.6,59.2,2829200
2026-07-15,VCB,59.2,59.4,58.7,59.2,2633300
2026-07-16,VCB,59.1,59.8,58.4,59.4,3349700
2026-07-17,VCB,59.3,59.3,58.5,58.5,1990100
2026-07-20,VCB,58.8,58.8,56.3,56.7,8536800
2026-07-21,VCB,56.7,57.2,56.6,56.7,3413200
2026-07-22,VCB,56.8,57.1,54.5,54.5,9173400
2026-07-23,VCB,54.1,54.9,52.6,54.0,7435600
2026-07-24,VCB,54.0,55.3,53.2,54.1,2503700
2026-07-27,VCB,54.5,54.8,53.5,54.0,2581300
2026-07-28,VCB,53.7,54.6,53.3,54.1,2607000
2026-07-29,VCB,54.2,54.7,54.0,54.6,2072300
2026-07-30,VCB,55.0,56.7,54.7,56.5,5427800
2026-07-31,VCB,57.7,60.4,57.3,59.3,18314600
2026-08-03,VCB,59.6,61.0,59.3,60.8,7642500
2026-08-04,VCB,60.9,60.9,59.6,60.0,5093100
2026-08-05,VCB,60.2,60.6,59.2,59.3,3663100
2026-08-06,VCB,59.5,59.5,58.5,59.0,2962800
2026-08-07,VCB,58.7,60.8,58.7,59.7,6522200
2026-08-10,VCB,60.3,60.5,59.8,60.3,2714200
2026-08-11,VCB,60.5,60.8,59.6,59.8,4065600
2026-08-12,VCB,59.9,60.3,59.6,59.7,2384500
2026-08-13,VCB,59.9,60.5,59.1,59.5,4579700
2026-08-14,VCB,59.5,59.6,58.5,58.5,4805500
2026-08-17,VCB,58.3,58.9,58.2,58.2,2745300
2026-08-18,VCB,58.2,59.0,57.7,58.0,2888000
2026-08-19,VCB,58.0,58.2,57.2,57.4,3770600
2026-08-20,VCB,57.8,58.1,57.3,57.8,3006600
2026-08-21,VCB,57.8,59.1,57.5,59.1,4695200
2026-08-24,VCB,60.2,60.5,59.2,59.2,4773600
2026-08-25,VCB,59.3,60.2,59.2,59.4,5577200
2026-08-26,VCB,59.2,60.3,59.2,60.3,7177300
2026-08-27,VCB,60.5,61.4,60.0,60.1,4904300
2026-08-28,VCB,60.2,60.5,59.8,60.1,3386900
2026-08-31,VCB,60.1,60.1,60.1,60.1,0
2026-09-01,VCB,60.1,60.1,60.1,60.1,0
2026-09-02,VCB,60.1,60.1,60.1,60.1,0
2026-09-03,VCB,59.6,59.8,58.7,58.7,8465900
2026-09-04,VCB,58.9,59.3,58.6,58.9,4309500
2026-09-07,VCB,59.0,59.1,58.0,58.0,4761600
2026-09-08,VCB,58.0,58.3,57.9,58.1,2867600
2026-09-09,VCB,58.1,58.1,58.1,58.1,0
2026-09-10,VCB,58.7,59.4,58.5,59.0,3066000
2026-09-11,VCB,58.9,59.0,58.2,58.2,4365200
2026-09-14,VCB,58.2,58.8,58.0,58.5,4818800
2026-09-15,VCB,58.6,60.0,58.6,60.0,9547200
2026-09-16,VCB,60.1,60.3,59.3,59.3,2880800
2026-09-17,VCB,59.0,60.0,58.8,59.6,5395900
2026-09-18,VCB,60.0,61.0,59.8,59.9,10362600
2026-09-21,VCB,60.2,60.2,58.8,58.9,5480900
2026-09-22,VCB,59.1,59.4,58.8,58.9,2571300
2026-09-23,VCB,58.9,59.2,58.5,58.5,4077100
2026-09-24,VCB,58.6,58.7,58.1,58.1,4188600
2026-09-25,VCB,58.2,58.5,57.7,58.0,4390100
2026-09-28,VCB,58.0,58.4,57.6,58.3,3824000
2026-09-29,VCB,58.3,58.4,57.9,58.0,2495400
2026-09-30,VCB,58.3,58.5,58.0,58.0,2228800
2026-10-01,VCB,58.0,58.2,57.6,57.6,3172000
2026-10-02,VCB,57.6,57.6,57.1,57.1,3512400
2026-07-06,VIC,222.5,222.7,217.1,220.3,3093000
2026-07-07,VIC,218.5,220.3,215.2,220.3,2948800
2026-07-08,VIC,218.0,221.2,218.0,220.7,1934000
2026-07-09,VIC,218.5,221.3,218.5,221.0,2366400
2026-07-10,VIC,221.0,224.7,220.8,223.0,3999100
2026-07-13,VIC,223.6,223.6,218.1,221.5,3795000
2026-07-14,VIC,219.0,219.7,212.5,219.0,3450700
2026-07-15,VIC,218.4,218.4,211.5,217.0,3687900
2026-07-16,VIC,212.0,223.0,212.0,223.0,4074700
2026-07-17,VIC,223.0,224.0,220.0,220.0,2845200
2026-07-20,VIC,219.9,220.2,218.9,220.0,2732800
2026-07-21,VIC,216.3,220.0,214.4,217.3,2839700
2026-07-22,VIC,216.0,217.0,202.1,202.1,5736200
2026-07-23,VIC,201.0,214.7,200.0,214.0,4235400
2026-07-24,VIC,209.5,213.6,208.9,213.1,2599400
2026-07-27,VIC,215.0,215.0,210.9,213.5,2911700
2026-07-28,VIC,210.0,213.8,209.7,213.8,2751800
2026-07-29,VIC,214.1,222.5,210.4,219.4,4951600
2026-07-30,VIC,216.5,220.7,216.5,220.0,4809100
2026-07-31,VIC,223.8,223.8,214.1,214.1,4372800
2026-08-03,VIC,216.0,216.3,212.0,213.0,4179900
2026-08-04,VIC,214.0,221.5,212.4,218.0,5187600
2026-08-05,VIC,218.6,221.6,218.6,220.0,6228400
2026-08-06,VIC,219.0,222.0,218.6,218.8,4794300
2026-08-07,VIC,218.4,218.4,212.3,215.0,5350500
2026-08-10,VIC,213.6,215.1,208.1,208.5,4429400
2026-08-11,VIC,209.2,211.5,205.5,208.5,4985100
2026-08-12,VIC,208.7,215.8,207.5,215.5,5299800
2026-08-13,VIC,215.0,215.6,207.5,207.9,5537700
2026-08-14,VIC,208.0,208.1,195.0,200.4,7976400
2026-08-17,VIC,200.4,200.4,194.6,198.0,6484400
2026-08-18,VIC,198.0,203.9,197.5,200.0,4301900
2026-08-19,VIC,200.0,200.9,199.2,200.0,5248400
2026-08-20,VIC,201.8,204.2,201.0,202.0,5246400
2026-08-21,VIC,201.4,205.7,199.9,205.0,3196900
2026-08-24,VIC,208.0,214.9,208.0,214.5,3586200
2026-08-25,VIC,216.5,227.3,215.3,220.5,10310200
2026-08-26,VIC,219.1,230.0,219.1,230.0,9982600
2026-08-27,VIC,228.9,237.8,227.9,236.0,8567700
2026-08-28,VIC,236.0,237.1,230.1,236.0,8553100
2026-08-31,VIC,236.0,236.0,236.0,236.0,0
2026-09-01,VIC,236.0,236.0,236.0,236.0,0
2026-09-02,VIC,236.0,236.0,236.0,236.0,0
2026-09-03,VIC,232.9,244.5,226.0,244.5,7676800
2026-09-04,VIC,244.7,260.0,244.7,256.1,7518600
2026-09-07,VIC,256.1,265.0,245.0,245.0,6063900
2026-09-08,VIC,243.5,249.8,240.8,249.6,6268500
2026-09-09,VIC,249.6,249.6,249.6,249.6,0
2026-09-10,VIC,247.7,249.5,244.4,247.7,4481800
2026-09-11,VIC,244.3,248.3,243.3,243.3,4264000
2026-09-14,VIC,242.3,243.3,235.6,241.4,4144700
2026-09-15,VIC,242.0,243.2,240.8,241.3,4196100
2026-09-16,VIC,240.9,243.8,237.6,241.2,4014000
2026-09-17,VIC,240.9,244.1,239.8,241.2,3951500
2026-09-18,VIC,244.5,244.5,240.3,241.2,13251500
2026-09-21,VIC,243.4,243.4,232.8,235.0,3685300
2026-09-22,VIC,235.0,243.8,230.2,243.8,1493400
2026-09-23,VIC,244.3,246.4,236.0,236.0,3054200
2026-09-24,VIC,235.9,235.9,228.1,230.0,2995500
2026-09-25,VIC,228.2,234.8,227.9,232.0,1360800
2026-09-28,VIC,232.0,233.1,229.0,231.9,891800
2026-09-29,VIC,232.0,232.1,229.5,230.0,1056500
2026-09-30,VIC,229.7,232.4,227.5,227.9,1584300
2026-10-01,VIC,226.9,227.7,219.7,220.0,3716400
2026-10-02,VIC,218.5,224.9,215.0,224.0,3199100
2026-07-06,VHM,79.35,79.35,76.05,77.05,14312400
2026-07-07,VHM,77.0,77.0,75.05,75.05,7757000
2026-07-08,VHM,75.0,75.95,74.25,75.0,5596600
2026-07-09,VHM,74.9,75.5,74.05,74.35,3808600
2026-07-10,VHM,74.05,75.15,73.35,73.5,6313800
2026-07-13,VHM,73.5,73.5,69.6,71.5,12151600
2026-07-14,VHM,71.45,71.45,69.25,70.4,8772400
2026-07-15,VHM,70.4,70.4,68.0,68.0,9080400
2026-07-16,VHM,66.75,71.4,66.75,71.4,9342200
2026-07-17,VHM,71.4,72.4,70.25,70.25,4293200
2026-07-20,VHM,69.6,71.0,68.15,68.45,5985600
2026-07-21,VHM,68.4,69.15,67.65,68.2,5339400
2026-07-22,VHM,68.1,68.2,63.45,63.45,16470600
2026-07-23,VHM,63.35,66.75,63.3,66.0,9146000
2026-07-24,VHM,64.75,65.95,64.25,65.0,5766400
2026-07-27,VHM,65.3,66.95,64.5,65.5,7415000
2026-07-28,VHM,65.0,66.15,64.45,65.95,5348800
2026-07-29,VHM,66.25,70.55,65.95,70.0,13141200
2026-07-30,VHM,71.2,73.95,70.05,73.95,11767200
2026-07-31,VHM,77.0,77.0,72.3,74.05,11620800
2026-08-03,VHM,74.35,74.85,72.55,74.0,10625600
2026-08-04,VHM,74.1,76.65,73.4,76.45,12677200
2026-08-05,VHM,77.1,79.4,76.5,76.5,21362200
2026-08-06,VHM,76.5,76.5,76.5,76.5,0
2026-08-07,VHM,75.3,76.8,73.0,73.0,9117200
2026-08-10,VHM,72.8,72.8,70.8,71.6,8267400
2026-08-11,VHM,71.6,74.0,71.2,72.1,8286300
2026-08-12,VHM,72.9,75.5,72.0,73.8,6525700
2026-08-13,VHM,74.0,74.0,71.8,71.8,7785200
2026-08-14,VHM,71.8,71.8,68.0,68.2,12131200
2026-08-17,VHM,68.0,69.8,66.6,68.2,4964300
2026-08-18,VHM,68.5,70.6,68.3,69.2,4816300
2026-08-19,VHM,69.4,69.8,68.6,69.1,2613600
2026-08-20,VHM,69.6,70.5,69.1,69.5,4626100
2026-08-21,VHM,69.5,71.9,68.9,71.7,5100800
2026-08-24,VHM,72.9,73.5,72.4,73.4,6124500
2026-08-25,VHM,73.5,75.2,72.8,73.6,9252600
2026-08-26,VHM,73.3,73.8,72.1,73.6,5343200
2026-08-27,VHM,74.2,75.2,73.6,73.8,4595500
2026-08-28,VHM,74.0,74.0,72.9,73.0,4565600
2026-08-31,VHM,73.0,73.0,73.0,73.0,0
2026-09-01,VHM,73.0,73.0,73.0,73.0,0
2026-09-02,VHM,73.0,73.0,73.0,73.0,0
2026-09-03,VHM,72.5,73.5,71.6,73.4,5307700
2026-09-04,VHM,73.1,77.0,73.1,75.2,14079600
2026-09-07,VHM,76.4,79.5,74.5,74.5,11741100
2026-09-08,VHM,74.5,75.5,72.9,73.6,6827700
2026-09-09,VHM,73.6,73.6,73.6,73.6,0
2026-09-10,VHM,71.8,74.2,69.5,73.1,16074200
2026-09-11,VHM,72.6,73.2,71.7,72.0,6700800
2026-09-14,VHM,71.0,73.9,71.0,71.7,10116200
2026-09-15,VHM,72.1,72.8,71.1,71.4,7917400
2026-09-16,VHM,71.2,72.0,71.0,71.0,7021900
2026-09-17,VHM,70.5,73.0,70.5,71.3,8187400
2026-09-18,VHM,72.2,72.9,71.0,71.0,18774600
2026-09-21,VHM,71.7,72.0,67.6,68.1,17209800
2026-09-22,VHM,68.4,69.6,67.0,69.4,7336800
2026-09-23,VHM,69.5,70.3,68.0,68.2,6719500
2026-09-24,VHM,68.2,68.2,65.3,65.4,18260100
2026-09-25,VHM,65.4,69.5,65.2,69.1,11452700
2026-09-28,VHM,69.1,70.1,68.3,69.5,8424200
2026-09-29,VHM,69.7,71.0,69.4,69.8,7409300
2026-09-30,VHM,69.8,70.5,68.5,68.5,6415700
2026-10-01,VHM,68.5,68.8,67.0,68.4,6624300
2026-10-02,VHM,68.3,69.3,67.4,67.9,6216200
2026-07-06,HPG,23.4,23.6,23.0,23.1,21299300
2026-07-07,HPG,23.2,23.25,23.0,23.1,13839600
2026-07-08,HPG,23.15,23.4,23.05,23.2,12499500
2026-07-09,HPG,23.2,23.25,23.1,23.2,11643400
2026-07-10,HPG,23.2,23.25,22.95,22.95,11906800
2026-07-13,HPG,22.95,22.95,22.35,22.4,32309000
2026-07-14,HPG,22.3,22.5,22.0,22.5,22481900
2026-07-15,HPG,22.5,22.6,22.15,22.4,21464500
2026-07-16,HPG,22.3,22.4,21.8,22.2,22880600
2026-07-17,HPG,22.2,22.35,21.85,21.85,17006300
2026-07-20,HPG,21.75,21.75,20.5,20.6,53245200
2026-07-21,HPG,20.5,21.15,20.5,20.8,27198700
2026-07-22,HPG,20.9,21.05,20.5,20.7,43471900
2026-07-23,HPG,20.7,21.0,20.15,20.8,36967600
2026-07-24,HPG,20.7,21.0,20.6,20.8,17632000
2026-07-27,HPG,20.9,21.0,20.3,20.35,18166800
2026-07-28,HPG,20.15,21.0,20.1,21.0,29151700
2026-07-29,HPG,21.05,21.65,20.9,21.65,36250000
2026-07-30,HPG,21.65,22.05,21.5,21.8,29968000
2026-07-31,HPG,21.8,21.85,21.4,21.7,24111500
2026-08-03,HPG,21.7,22.65,21.65,22.55,44448000
2026-08-04,HPG,22.55,22.6,22.1,22.15,22694000
2026-08-05,HPG,22.35,22.6,21.95,22.0,27963700
2026-08-06,HPG,22.25,22.3,21.85,21.85,14369400
2026-08-07,HPG,21.9,22.3,21.75,22.0,13018100
2026-08-10,HPG,22.25,22.3,21.95,22.1,16732700
2026-08-11,HPG,22.2,22.25,22.05,22.05,13694600
2026-08-12,HPG,22.0,22.35,21.95,22.1,15925100
2026-08-13,HPG,22.2,22.25,21.7,21.7,25702700
2026-08-14,HPG,21.7,21.8,21.2,21.25,27443600
2026-08-17,HPG,21.25,21.45,21.05,21.2,18455500
2026-08-18,HPG,21.15,21.4,21.0,21.0,16367500
2026-08-19,HPG,21.1,21.2,20.9,21.2,15312500
2026-08-20,HPG,21.25,21.45,21.15,21.15,15156400
2026-08-21,HPG,21.15,21.75,21.05,21.7,25138400
2026-08-24,HPG,22.0,22.3,21.85,22.25,28790200
2026-08-25,HPG,22.25,22.3,21.8,21.8,25844100
2026-08-26,HPG,21.8,22.1,21.75,22.05,19394800
2026-08-27,HPG,22.05,22.4,22.05,22.2,19201900
2026-08-28,HPG,22.25,22.35,22.05,22.1,17126700
2026-08-31,HPG,22.1,22.1,22.1,22.1,0
2026-09-01,HPG,22.1,22.1,22.1,22.1,0
2026-09-02,HPG,22.1,22.1,22.1,22.1,0
2026-09-03,HPG,22.0,22.0,21.55,21.6,26985600
2026-09-04,HPG,21.75,21.8,21.6,21.7,13920900
2026-09-07,HPG,21.8,22.15,21.55,21.55,19957800
2026-09-08,HPG,21.55,21.9,21.55,21.85,13387600
2026-09-09,HPG,21.85,21.85,21.85,21.85,0
2026-09-10,HPG,22.0,22.05,21.8,21.85,13391400
2026-09-11,HPG,21.75,21.8,21.3,21.3,22031700
2026-09-14,HPG,21.3,21.4,20.85,20.9,24046000
2026-09-15,HPG,21.0,21.2,21.0,21.2,11937200
2026-09-16,HPG,21.2,21.25,20.95,20.95,12277500
2026-09-17,HPG,20.8,21.4,20.75,21.2,17574100
2026-09-18,HPG,21.45,21.55,21.3,21.55,31124900
2026-09-21,HPG,21.55,21.6,21.1,21.1,15824000
2026-09-22,HPG,21.15,21.25,21.1,21.15,8104500
2026-09-23,HPG,21.15,21.2,21.05,21.05,10766000
2026-09-24,HPG,21.05,21.1,20.8,20.8,15528500
2026-09-25,HPG,20.8,20.95,20.65,20.65,14623900
2026-09-28,HPG,20.75,20.8,20.15,20.2,24184800
2026-09-29,HPG,20.2,20.4,20.15,20.3,18773900
2026-09-30,HPG,20.3,20.5,20.15,20.15,13350300
2026-10-01,HPG,20.15,20.25,20.05,20.05,11097100
2026-10-02,HPG,20.1,20.15,19.6,20.05,35378700
2026-07-06,TCB,33.6,33.95,33.2,33.75,10686300
2026-07-07,TCB,33.75,33.85,33.35,33.85,7544400
2026-07-08,TCB,33.85,34.2,33.75,33.75,12585200
2026-07-09,TCB,33.55,33.65,33.15,33.15,11473700
2026-07-10,TCB,33.15,33.2,32.3,32.4,16294000
2026-07-13,TCB,32.25,32.35,31.5,32.35,19906700
2026-07-14,TCB,32.15,32.3,31.75,32.2,11243700
2026-07-15,TCB,32.05,32.2,31.5,31.5,8134600
2026-07-16,TCB,31.3,31.9,30.75,31.9,14633400
2026-07-17,TCB,31.9,31.9,31.45,31.45,7054000
2026-07-20,TCB,31.4,31.4,29.95,29.95,14287800
2026-07-21,TCB,30.0,30.2,29.6,29.8,10138100
2026-07-22,TCB,29.9,30.3,29.0,29.0,19146900
2026-07-23,TCB,29.05,29.95,28.35,29.25,16985100
2026-07-24,TCB,28.9,29.2,28.5,28.6,10695100
2026-07-27,TCB,28.7,29.05,28.25,28.25,10295400
2026-07-28,TCB,28.15,28.6,27.8,28.5,10441600
2026-07-29,TCB,28.15,28.55,28.15,28.4,8541800
2026-07-30,TCB,28.6,29.75,28.4,29.3,19699200
2026-07-31,TCB,29.55,29.55,28.95,28.95,11594700
2026-08-03,TCB,29.15,30.3,29.15,29.95,13434400
2026-08-04,TCB,29.9,29.95,29.55,29.65,9310400
2026-08-05,TCB,29.9,30.05,29.55,29.65,12029900
2026-08-06,TCB,29.7,29.75,29.2,29.2,11006100
2026-08-07,TCB,29.15,29.7,28.9,29.7,22690400
2026-08-10,TCB,29.7,31.35,29.5,31.35,34812900
2026-08-11,TCB,31.15,31.55,30.7,31.0,18021000
2026-08-12,TCB,31.0,31.5,30.9,31.5,15306400
2026-08-13,TCB,31.5,32.1,31.3,31.7,33919400
2026-08-14,TCB,31.7,32.15,31.45,32.0,15485400
2026-08-17,TCB,31.85,32.05,31.6,31.8,10961200
2026-08-18,TCB,31.85,31.85,30.6,30.85,14744200
2026-08-19,TCB,30.65,31.1,30.65,31.0,8372700
2026-08-20,TCB,31.2,31.3,30.85,31.0,6415500
2026-08-21,TCB,30.8,31.7,30.75,31.65,9772000
2026-08-24,TCB,31.65,31.9,31.45,31.45,10086100
2026-08-25,TCB,31.45,31.9,31.2,31.3,14732000
2026-08-26,TCB,31.25,33.45,31.0,33.45,39167000
2026-08-27,TCB,33.5,35.2,33.45,34.1,32608700
2026-08-28,TCB,33.35,33.65,32.7,33.4,27675200
2026-08-31,TCB,33.4,33.4,33.4,33.4,0
2026-09-01,TCB,33.4,33.4,33.4,33.4,0
2026-09-02,TCB,33.4,33.4,33.4,33.4,0
2026-09-03,TCB,33.1,33.1,32.1,32.1,25003600
2026-09-04,TCB,32.2,32.8,32.0,32.6,12024400
2026-09-07,TCB,32.6,32.65,31.9,31.9,11450100
2026-09-08,TCB,31.9,32.25,31.85,31.95,7754000
2026-09-09,TCB,31.95,31.95,31.95,31.95,0
2026-09-10,TCB,32.2,32.5,32.15,32.4,5852200
2026-09-11,TCB,32.2,32.3,31.6,31.6,15192300
2026-09-14,TCB,31.45,32.2,31.4,31.85,11777000
2026-09-15,TCB,31.85,32.4,31.85,32.2,9080700
2026-09-16,TCB,32.4,32.45,31.9,32.45,9514400
2026-09-17,TCB,32.2,32.7,32.2,32.65,12488900
2026-09-18,TCB,32.8,33.0,31.6,31.6,15676600
2026-09-21,TCB,32.0,32.25,31.6,32.25,14620400
2026-09-22,TCB,32.2,32.7,32.05,32.3,11125400
2026-09-23,TCB,32.25,33.45,32.2,33.15,39007100
2026-09-24,TCB,32.75,33.15,32.75,32.95,16336800
2026-09-25,TCB,32.9,33.7,32.85,33.25,27899800
2026-09-28,TCB,33.2,33.25,32.4,32.85,21588800
2026-09-29,TCB,32.55,32.8,32.25,32.6,15103700
2026-09-30,TCB,32.8,32.85,32.3,32.55,16570700
2026-10-01,TCB,32.75,33.0,32.35,33.0,17097100
2026-10-02,TCB,32.8,33.0,32.25,32.25,14182100
2026-07-06,MBB,22.35,22.43,21.96,22.0,14815220
2026-07-07,MBB,22.09,22.39,22.0,22.39,14224120
2026-07-08,MBB,22.39,22.74,22.35,22.61,23234600
2026-07-09,MBB,21.7,21.74,21.39,21.39,12899435
2026-07-10,MBB,21.39,21.74,21.35,21.43,12083740
2026-07-13,MBB,21.39,21.43,20.87,21.26,18590210
2026-07-14,MBB,20.87,21.35,20.87,21.35,14109005
2026-07-15,MBB,21.09,21.26,20.83,20.83,14633865
2026-07-16,MBB,20.83,21.09,20.43,21.0,16832550
2026-07-17,MBB,20.91,20.96,20.65,20.65,11959540
2026-07-20,MBB,20.52,20.61,19.83,19.83,23771535
2026-07-21,MBB,19.74,20.04,19.65,19.74,12984880
2026-07-22,MBB,19.83,20.17,19.43,19.43,24327100
2026-07-23,MBB,19.39,19.74,18.78,19.17,24129760
2026-07-24,MBB,19.17,19.22,18.87,19.04,11885710
2026-07-27,MBB,19.09,19.3,18.83,18.83,15841480
2026-07-28,MBB,18.7,19.26,18.57,19.26,19946750
2026-07-29,MBB,19.3,19.3,19.09,19.22,10151855
2026-07-30,MBB,19.17,19.65,19.17,19.57,12882415
2026-07-31,MBB,19.87,20.13,19.57,19.57,13857730
2026-08-03,MBB,19.78,20.91,19.78,20.87,26145365
2026-08-04,MBB,20.96,21.26,20.87,21.22,19535050
2026-08-05,MBB,21.3,21.3,20.91,21.13,16145655
2026-08-06,MBB,21.13,21.17,20.7,20.78,10961110
2026-08-07,MBB,20.78,21.17,20.74,21.0,10893490
2026-08-10,MBB,21.0,21.26,20.83,21.09,32717730
2026-08-11,MBB,20.5,20.55,20.35,20.35,18715600
2026-08-12,MBB,20.4,20.5,20.35,20.45,8937200
2026-08-13,MBB,20.5,20.55,20.15,20.15,11662400
2026-08-14,MBB,20.15,20.25,20.0,20.0,11904400
2026-08-17,MBB,20.0,20.2,19.9,19.9,7655700
2026-08-18,MBB,19.9,20.05,19.85,19.95,7081200
2026-08-19,MBB,19.95,20.0,19.85,19.95,5046400
2026-08-20,MBB,20.0,20.35,20.0,20.3,10904100
2026-08-21,MBB,20.3,20.85,20.1,20.85,15698000
2026-08-24,MBB,21.05,21.2,20.75,20.75,11070400
2026-08-25,MBB,20.75,20.95,20.65,20.65,10212100
2026-08-26,MBB,20.65,21.2,20.5,21.05,18747100
2026-08-27,MBB,21.05,21.2,20.85,21.05,7612900
2026-08-28,MBB,21.05,21.05,20.85,21.05,8679400
2026-08-31,MBB,21.05,21.05,21.05,21.05,0
2026-09-01,MBB,21.05,21.05,21.05,21.05,0
2026-09-02,MBB,21.05,21.05,21.05,21.05,0
2026-09-03,MBB,21.0,21.0,20.6,20.6,11654500
2026-09-04,MBB,20.6,20.85,20.55,20.55,8857700
2026-09-07,MBB,20.55,20.65,20.1,20.2,14138400
2026-09-08,MBB,20.2,20.25,20.1,20.15,7453700
2026-09-09,MBB,20.15,20.15,20.15,20.15,0
2026-09-10,MBB,20.2,20.25,20.05,20.1,6900700
2026-09-11,MBB,20.0,20.05,19.75,19.75,18351700
2026-09-14,MBB,19.75,19.95,19.6,19.7,16345400
2026-09-15,MBB,19.75,20.15,19.75,20.0,15925500
2026-09-16,MBB,20.05,20.3,20.0,20.3,9098600
2026-09-17,MBB,20.15,20.55,20.1,20.55,16498200
2026-09-18,MBB,20.55,20.6,19.9,19.9,16843700
2026-09-21,MBB,20.15,20.2,19.9,20.2,13897400
2026-09-22,MBB,20.15,20.2,19.95,20.1,9661200
2026-09-23,MBB,20.1,20.2,20.0,20.0,8858000
2026-09-24,MBB,20.0,20.1,19.85,19.85,8475200
2026-09-25,MBB,19.9,20.1,19.85,19.9,7854300
2026-09-28,MBB,19.9,20.0,19.6,19.8,9922600
2026-09-29,MBB,19.75,19.8,19.5,19.6,9381700
2026-09-30,MBB,19.65,19.8,19.55,19.65,6955000
2026-10-01,MBB,19.7,19.8,19.55,19.55,7572900
2026-10-02,MBB,19.55,19.65,19.1,19.1,11976700
2026-07-06,VNM,55.0,55.4,54.6,55.3,3211000
2026-07-07,VNM,55.2,55.3,54.9,55.1,1611400
2026-07-08,VNM,55.0,55.7,55.0,55.7,3705000
2026-07-09,VNM,55.6,55.9,55.4,55.7,2469400
2026-07-10,VNM,55.9,56.7,55.8,56.6,5573700
2026-07-13,VNM,56.6,56.6,55.3,55.4,1951400
2026-07-14,VNM,55.5,56.0,55.2,56.0,1755100
2026-07-15,VNM,56.0,56.4,55.5,56.2,2491200
2026-07-16,VNM,56.1,56.3,55.3,56.2,1991100
2026-07-17,VNM,56.3,59.4,56.2,59.0,12982500
2026-07-20,VNM,58.8,58.8,57.7,58.5,4583900
2026-07-21,VNM,58.1,58.8,58.1,58.4,3543700
2026-07-22,VNM,58.7,60.1,58.4,59.1,10506300
2026-07-23,VNM,59.1,59.1,56.9,57.8,4827500
2026-07-24,VNM,58.5,59.5,58.3,58.9,4176800
2026-07-27,VNM,59.2,59.8,57.9,57.9,3671400
2026-07-28,VNM,57.7,59.6,57.7,59.6,5256600
2026-07-29,VNM,59.9,61.0,59.4,60.0,6199800
2026-07-30,VNM,60.3,61.4,59.8,61.2,6944300
2026-07-31,VNM,61.2,61.3,60.1,60.9,4479800
2026-08-03,VNM,60.9,61.0,60.0,60.3,6377600
2026-08-04,VNM,60.4,60.4,59.0,59.5,5531900
2026-08-05,VNM,59.4,60.1,58.6,58.6,5288700
2026-08-06,VNM,58.7,59.6,58.6,59.0,3231300
2026-08-07,VNM,59.0,63.1,59.0,62.0,13239500
2026-08-10,VNM,61.6,62.7,61.6,62.1,3480200
2026-08-11,VNM,62.5,63.3,61.8,62.0,4475100
2026-08-12,VNM,61.9,62.5,61.4,61.8,2755600
2026-08-13,VNM,61.8,63.0,61.5,61.6,4257000
2026-08-14,VNM,61.6,62.6,61.0,61.6,3663300
2026-08-17,VNM,61.7,63.0,61.7,62.2,2965800
2026-08-18,VNM,62.2,62.6,61.8,62.1,1844100
2026-08-19,VNM,61.9,63.2,61.6,63.1,4664900
2026-08-20,VNM,63.1,64.3,62.7,64.0,6309900
2026-08-21,VNM,64.1,64.1,63.4,63.8,3581800
2026-08-24,VNM,64.0,64.4,63.2,63.2,3332500
2026-08-25,VNM,63.1,63.8,62.5,62.6,3343900
2026-08-26,VNM,62.7,63.5,62.4,62.8,2402700
2026-08-27,VNM,62.7,63.2,62.3,62.5,2651300
2026-08-28,VNM,62.9,63.0,62.3,62.3,2385900
2026-08-31,VNM,62.3,62.3,62.3,62.3,0
2026-09-01,VNM,62.3,62.3,62.3,62.3,0
2026-09-02,VNM,62.3,62.3,62.3,62.3,0
2026-09-03,VNM,62.2,62.3,61.2,61.2,3947400
2026-09-04,VNM,61.4,62.1,61.2,61.9,1906600
2026-09-07,VNM,61.9,62.2,60.6,60.7,3004700
2026-09-08,VNM,60.7,61.1,60.4,61.0,1874400
2026-09-09,VNM,61.0,61.0,61.0,61.0,0
2026-09-10,VNM,61.3,61.9,61.1,61.6,1890400
2026-09-11,VNM,61.2,61.3,59.8,59.9,4047300
2026-09-14,VNM,59.7,60.1,58.6,59.3,3853000
2026-09-15,VNM,59.5,60.2,59.4,59.7,1835300
2026-09-16,VNM,59.8,60.3,59.6,59.6,1737400
2026-09-17,VNM,59.4,60.7,59.4,60.2,2437100
2026-09-18,VNM,60.4,61.2,60.3,61.2,4517300
2026-09-21,VNM,61.2,61.3,60.3,60.3,2522300
2026-09-22,VNM,60.4,61.3,60.3,61.2,1774600
2026-09-23,VNM,61.3,61.3,60.5,60.5,1227000
2026-09-24,VNM,60.5,61.0,60.3,60.6,1384600
2026-09-25,VNM,60.7,61.0,59.7,59.8,1997600
2026-09-28,VNM,59.7,60.4,59.1,60.3,1723400
2026-09-29,VNM,60.4,60.5,59.8,60.3,1268300
2026-09-30,VNM,60.8,60.8,59.4,59.4,1776100
2026-10-01,VNM,59.4,59.6,58.5,58.6,3690200
2026-10-02,VNM,59.0,59.0,57.3,57.3,3579300
2026-07-06,FPT,65.82,67.27,65.36,66.36,12320220
2026-07-07,FPT,66.36,67.0,65.91,66.55,5012920
2026-07-08,FPT,65.82,66.18,65.0,65.55,7415760
2026-07-09,FPT,65.27,66.36,65.18,65.55,4886090
2026-07-10,FPT,65.45,65.73,64.18,64.18,8731030
2026-07-13,FPT,63.91,64.82,63.82,64.09,8512240
2026-07-14,FPT,63.91,64.45,63.64,63.91,7289480
2026-07-15,FPT,64.0,64.0,60.73,60.73,23399090
2026-07-16,FPT,60.64,61.82,58.82,61.82,14333660
2026-07-17,FPT,62.09,62.18,60.91,60.91,4386580
2026-07-20,FPT,60.82,61.55,60.09,61.0,8081480
2026-07-21,FPT,60.45,61.73,58.91,58.91,8294440
2026-07-22,FPT,59.09,61.36,58.73,58.73,11066770
2026-07-23,FPT,59.09,59.73,58.36,58.82,6916030
2026-07-24,FPT,58.45,58.64,57.09,57.18,6385280
2026-07-27,FPT,57.36,57.91,56.55,56.55,4894450
2026-07-28,FPT,56.27,57.91,55.91,57.27,5939340
2026-07-29,FPT,57.27,59.36,56.82,59.18,6725400
2026-07-30,FPT,59.27,61.09,58.91,60.91,8328650
2026-07-31,FPT,61.09,61.73,60.45,61.0,6878960
2026-08-03,FPT,61.27,65.18,61.18,65.18,17907010
2026-08-04,FPT,65.82,66.64,64.82,65.0,7242730
2026-08-05,FPT,65.64,65.64,63.82,63.91,7565360
2026-08-06,FPT,64.0,64.91,64.0,64.27,5092670
2026-08-07,FPT,64.64,65.18,63.91,64.36,4731980
2026-08-10,FPT,64.45,65.45,64.27,65.27,5777310
2026-08-11,FPT,65.09,66.45,64.55,64.73,7630480
2026-08-12,FPT,64.73,65.36,64.18,64.36,4054160
2026-08-13,FPT,64.55,64.82,62.91,62.91,8203800
2026-08-14,FPT,63.0,63.27,61.82,62.09,7836180
2026-08-17,FPT,62.18,63.09,62.18,62.55,4514950
2026-08-18,FPT,62.55,63.0,62.0,62.73,3722180
2026-08-19,FPT,62.73,62.91,62.36,62.64,2003100
2026-08-20,FPT,62.82,63.91,62.82,63.45,4914910
2026-08-21,FPT,63.55,65.45,63.18,65.45,7739380
2026-08-24,FPT,65.91,66.09,64.91,64.91,5073090
2026-08-25,FPT,64.91,65.45,64.27,64.27,5159000
2026-08-26,FPT,64.27,66.27,64.27,66.0,11177430
2026-08-27,FPT,66.0,66.09,65.64,65.64,3897190
2026-08-28,FPT,65.64,67.27,65.64,66.55,11216480
2026-08-31,FPT,66.55,66.55,66.55,66.55,0
2026-09-01,FPT,66.55,66.55,66.55,66.55,0
2026-09-02,FPT,66.55,66.55,66.55,66.55,0
2026-09-03,FPT,66.36,66.36,65.45,65.64,4508020
2026-09-04,FPT,65.91,66.36,65.82,66.18,3904450
2026-09-07,FPT,66.36,67.09,65.64,65.82,7722220
2026-09-08,FPT,65.82,65.91,65.45,65.64,4700300
2026-09-09,FPT,65.64,65.64,65.64,65.64,0
2026-09-10,FPT,65.73,68.0,65.64,67.73,13130260
2026-09-11,FPT,67.64,67.64,66.09,66.09,6220720
2026-09-14,FPT,66.18,66.91,65.45,65.82,5346330
2026-09-15,FPT,66.09,66.73,65.91,66.09,4375250
2026-09-16,FPT,66.18,67.09,65.0,67.09,8522910
2026-09-17,FPT,66.64,67.55,66.0,67.55,7289370
2026-09-18,FPT,67.73,68.0,65.18,65.18,17050770
2026-09-21,FPT,65.18,65.18,65.18,65.18,0
2026-09-22,FPT,66.4,66.4,66.4,66.4,0
2026-09-23,FPT,66.6,67.0,66.1,66.1,3557500
2026-09-24,FPT,66.0,66.2,65.1,65.3,4350900
2026-09-25,FPT,65.5,65.9,64.6,64.7,3543900
2026-09-28,FPT,64.7,64.8,63.0,63.7,5148700
2026-09-29,FPT,63.7,64.1,63.1,63.2,3118000
2026-09-30,FPT,63.4,64.0,63.0,63.0,3041400
2026-10-01,FPT,63.0,63.1,62.6,62.7,3413000
2026-10-02,FPT,62.7,63.2,62.1,62.1,3199600
2026-07-06,MSN,71.6,71.8,69.2,70.5,4680200
2026-07-07,MSN,70.4,70.4,68.3,68.6,9695900
2026-07-08,MSN,68.4,69.7,67.5,69.0,10943100
2026-07-09,MSN,68.8,69.6,68.6,68.9,2298700
2026-07-10,MSN,68.6,69.1,68.1,68.8,2701100
2026-07-13,MSN,68.3,68.5,66.7,67.9,5488400
2026-07-14,MSN,67.3,68.4,67.1,68.4,2364800
2026-07-15,MSN,68.4,68.5,67.4,68.0,2633500
2026-07-16,MSN,67.5,68.0,66.7,68.0,3440100
2026-07-17,MSN,67.8,68.2,67.4,68.0,2752400
2026-07-20,MSN,67.8,67.8,64.6,64.8,6394700
2026-07-21,MSN,64.5,66.1,64.5,64.9,4693800
2026-07-22,MSN,65.5,67.0,63.5,63.9,9078900
2026-07-23,MSN,63.9,64.6,61.7,64.0,5065800
2026-07-24,MSN,63.9,64.0,62.8,63.9,3341400
2026-07-27,MSN,65.0,65.1,63.5,63.9,4605200
2026-07-28,MSN,63.2,66.4,63.2,65.7,5574000
2026-07-29,MSN,65.8,66.6,65.1,66.3,3692600
2026-07-30,MSN,66.0,68.1,65.9,67.9,4858200
2026-07-31,MSN,67.9,67.9,66.1,66.1,3736800
2026-08-03,MSN,66.5,68.3,66.4,68.2,4348300
2026-08-04,MSN,68.4,68.6,67.7,68.4,3115600
2026-08-05,MSN,68.8,69.4,67.0,67.2,4183900
2026-08-06,MSN,67.5,67.5,66.4,66.5,2286900
2026-08-07,MSN,66.3,67.8,66.2,67.4,3169000
2026-08-10,MSN,67.4,68.1,66.9,67.7,3056100
2026-08-11,MSN,67.8,68.2,67.1,67.1,2876400
2026-08-12,MSN,67.2,67.8,66.9,67.2,2039300
2026-08-13,MSN,67.5,68.3,67.4,67.6,5681100
2026-08-14,MSN,67.4,67.9,65.8,66.3,6325400
2026-08-17,MSN,66.3,66.9,65.9,66.9,3306800
2026-08-18,MSN,66.9,67.3,66.1,66.8,2283000
2026-08-19,MSN,66.7,66.8,65.5,66.4,3507000
2026-08-20,MSN,66.5,68.9,66.3,68.1,7132100
2026-08-21,MSN,68.2,70.2,67.9,69.8,7435200
2026-08-24,MSN,70.7,70.8,69.5,70.0,4715100
2026-08-25,MSN,70.0,70.5,69.0,69.5,4643500
2026-08-26,MSN,69.5,70.3,69.1,70.1,3819500
2026-08-27,MSN,70.3,71.1,69.6,70.2,4810800
2026-08-28,MSN,70.5,70.6,69.8,70.2,3335400
2026-08-31,MSN,70.2,70.2,70.2,70.2,0
2026-09-01,MSN,70.2,70.2,70.2,70.2,0
2026-09-02,MSN,70.2,70.2,70.2,70.2,0
2026-09-03,MSN,69.5,69.6,68.3,69.0,5466400
2026-09-04,MSN,68.5,69.1,68.5,69.0,2788500
2026-09-07,MSN,69.0,69.0,68.1,68.6,3682300
2026-09-08,MSN,68.4,68.6,68.1,68.4,3124600
2026-09-09,MSN,68.4,68.4,68.4,68.4,0
2026-09-10,MSN,68.0,69.0,68.0,68.7,3106400
2026-09-11,MSN,68.6,68.7,66.5,66.5,4606000
2026-09-14,MSN,66.7,67.0,65.3,66.6,4250500
2026-09-15,MSN,66.6,67.4,66.4,67.4,2104100
2026-09-16,MSN,67.4,67.6,66.7,67.4,2600100
2026-09-17,MSN,67.1,68.2,66.9,67.7,3300000
2026-09-18,MSN,68.2,69.5,68.2,68.4,7484800
2026-09-21,MSN,69.2,69.3,67.1,67.7,3631900
2026-09-22,MSN,67.7,71.4,67.7,70.3,8932200
2026-09-23,MSN,70.5,70.9,69.6,69.8,3346000
2026-09-24,MSN,69.7,71.7,69.7,70.8,9374300
2026-09-25,MSN,71.0,71.4,70.0,70.1,4305400
2026-09-28,MSN,70.2,70.3,68.1,69.0,4503400
2026-09-29,MSN,68.6,69.5,68.5,69.4,1927500
2026-09-30,MSN,69.9,70.3,69.0,69.0,4122100
2026-10-01,MSN,69.4,71.2,69.1,70.9,6008100
2026-10-02,MSN,71.4,73.0,70.7,70.7,8880100
2026-07-06,BID,39.59,39.92,38.56,38.7,5975852
2026-07-07,BID,38.75,39.03,38.65,38.98,2311661
2026-07-08,BID,38.98,39.31,38.56,39.12,2952400
2026-07-09,BID,38.94,39.08,38.56,38.61,3097387
2026-07-10,BID,38.65,38.84,38.37,38.37,2438377
2026-07-13,BID,38.37,38.37,37.2,37.39,6465088
2026-07-14,BID,37.39,37.91,36.88,37.67,2924621
2026-07-15,BID,37.77,37.81,36.97,36.97,2872802
2026-07-16,BID,36.97,37.2,36.08,36.78,4786579
2026-07-17,BID,36.5,36.55,36.22,36.31,2042523
2026-07-20,BID,36.31,36.41,34.63,34.63,5884394
2026-07-21,BID,34.72,35.29,34.44,34.44,3695923
2026-07-22,BID,34.63,34.77,33.55,33.55,6424273
2026-07-23,BID,33.32,34.35,32.48,33.69,6105133
2026-07-24,BID,33.69,34.4,33.27,33.69,3172070
2026-07-27,BID,33.97,34.07,32.48,32.48,3804689
2026-07-28,BID,32.29,33.37,32.15,32.85,2964581
2026-07-29,BID,33.09,33.46,32.9,33.18,2381430
2026-07-30,BID,33.32,34.91,33.23,34.86,7055717
2026-07-31,BID,34.96,36.88,34.72,35.57,10220843
2026-08-03,BID,35.85,36.5,35.75,35.8,4815107
2026-08-04,BID,35.94,36.03,35.43,35.57,4250119
2026-08-05,BID,35.94,36.22,35.47,35.57,3609914
2026-08-06,BID,35.66,35.85,35.47,35.47,2900902
2026-08-07,BID,35.47,36.88,35.47,36.55,9240877
2026-08-10,BID,37.02,37.2,36.74,36.97,3226774
2026-08-11,BID,36.97,37.34,36.6,36.6,5162561
2026-08-12,BID,36.6,36.97,36.46,36.74,2884555
2026-08-13,BID,36.6,37.06,36.36,36.36,6047544
2026-08-14,BID,36.22,36.41,35.52,35.8,5059350
2026-08-17,BID,36.0,36.2,35.6,35.9,2586600
2026-08-18,BID,36.0,36.4,35.9,36.0,2494000
2026-08-19,BID,36.0,36.0,35.5,35.7,2167600
2026-08-20,BID,35.9,36.1,35.55,35.85,2149900
2026-08-21,BID,36.05,36.95,35.8,36.9,4542300
2026-08-24,BID,37.6,37.75,36.85,36.9,3922800
2026-08-25,BID,36.95,37.35,36.65,36.7,4031600
2026-08-26,BID,36.5,36.95,36.5,36.9,3772300
2026-08-27,BID,36.9,37.4,36.8,36.95,3096800
2026-08-28,BID,36.95,37.2,36.7,36.85,3116700
2026-08-31,BID,36.85,36.85,36.85,36.85,0
2026-09-01,BID,36.85,36.85,36.85,36.85,0
2026-09-02,BID,36.85,36.85,36.85,36.85,0
2026-09-03,BID,36.75,36.75,36.4,36.45,3257400
2026-09-04,BID,36.45,36.7,36.35,36.5,2364100
2026-09-07,BID,36.6,36.8,36.0,36.0,2686000
2026-09-08,BID,36.0,36.35,35.85,36.2,1676800
2026-09-09,BID,36.2,36.2,36.2,36.2,0
2026-09-10,BID,36.4,36.55,36.05,36.35,2388800
2026-09-11,BID,36.2,36.25,35.6,35.6,4969500
2026-09-14,BID,35.25,35.85,35.2,35.75,3603300
2026-09-15,BID,35.8,37.0,35.8,36.8,5810000
2026-09-16,BID,36.95,36.95,36.3,36.35,2256300
2026-09-17,BID,36.2,36.95,36.15,36.7,3397000
2026-09-18,BID,36.85,37.85,35.75,35.75,12526600
2026-09-21,BID,36.5,36.85,36.15,36.2,3989700
2026-09-22,BID,36.4,36.55,35.9,36.2,3157800
2026-09-23,BID,36.2,36.65,36.1,36.35,2874600
2026-09-24,BID,36.3,36.3,35.8,35.9,3027800
2026-09-25,BID,35.9,36.15,35.6,35.75,2971000
2026-09-28,BID,35.75,35.9,35.0,35.75,4726700
2026-09-29,BID,35.75,36.1,35.4,35.9,2212500
2026-09-30,BID,35.95,36.45,35.85,35.95,2679100
2026-10-01,BID,35.9,36.0,35.45,35.45,2302900
2026-10-02,BID,35.55,35.65,34.8,34.8,4064500
2026-10-05,VCB,57.1,57.4,56.9,57.0,2442100
2026-10-05,VIC,224.1,232.0,224.1,232.0,2293600
2026-10-05,VHM,68.0,69.2,67.5,68.3,5443600
2026-10-05,HPG,20.4,20.8,20.35,20.5,31964600
2026-10-05,TCB,32.15,32.5,31.75,32.5,18043200
2026-10-05,MBB,19.1,19.3,19.1,19.15,9210200
2026-10-05,VNM,57.8,58.0,57.1,57.2,2928200
2026-10-05,FPT,62.2,62.8,61.9,61.9,2513400
2026-10-05,MSN,70.7,72.2,70.1,71.3,4518500
2026-10-05,BID,34.85,35.15,34.55,34.6,2267600
2026-10-06,VCB,56.9,57.4,56.0,57.3,4496200
2026-10-06,VIC,232.0,238.5,231.9,232.0,4217500
2026-10-06,VHM,68.3,70.0,67.6,69.0,7022900
2026-10-06,HPG,20.5,20.5,20.15,20.5,17171100
2026-10-06,TCB,32.3,32.5,31.95,32.45,16131700
2026-10-06,MBB,19.15,19.2,18.85,19.2,17320700
2026-10-06,VNM,57.4,58.4,57.2,58.4,3250000
2026-10-06,FPT,62.0,62.2,60.0,60.4,8214700
2026-10-06,MSN,71.3,72.0,70.7,72.0,5706800
2026-10-06,BID,34.6,34.75,33.95,34.6,5007700
